,track_id,track_href,track_name,track_uri,related_id,related_name,artist_id,artist_name
0,361VJCtpxxjA32lh4P0jZU,https://api.spotify.com/v1/tracks/361VJCtpxxjA32lh4P0jZU,Living On My Own - No More Brothers Radio Mix,spotify:track:361VJCtpxxjA32lh4P0jZU,4M1FpEWs2PeYfJe7xxJfhH,Freddie Mercury,1dfeR4HaWDbWqFHLkxsg1d,Queen
1,4xm2RpQtpFVlPlO1v4BrBr,https://api.spotify.com/v1/tracks/4xm2RpQtpFVlPlO1v4BrBr,The Great Pretender,spotify:track:4xm2RpQtpFVlPlO1v4BrBr,4M1FpEWs2PeYfJe7xxJfhH,Freddie Mercury,1dfeR4HaWDbWqFHLkxsg1d,Queen
2,14FAtIQZsRYeu8zVI33l7f,https://api.spotify.com/v1/tracks/14FAtIQZsRYeu8zVI33l7f,I Was Born to Love You,spotify:track:14FAtIQZsRYeu8zVI33l7f,4M1FpEWs2PeYfJe7xxJfhH,Freddie Mercury,1dfeR4HaWDbWqFHLkxsg1d,Queen
3,6cNTGVmP2CzJpLQ01QIaD0,https://api.spotify.com/v1/tracks/6cNTGVmP2CzJpLQ01QIaD0,Living on My Own - Single Edit,spotify:track:6cNTGVmP2CzJpLQ01QIaD0,4M1FpEWs2PeYfJe7xxJfhH,Freddie Mercury,1dfeR4HaWDbWqFHLkxsg1d,Queen
4,3BdId1EhcMX7yAzwzQJLAD,https://api.spotify.com/v1/tracks/3BdId1EhcMX7yAzwzQJLAD,Barcelona,spotify:track:3BdId1EhcMX7yAzwzQJLAD,4M1FpEWs2PeYfJe7xxJfhH,Freddie Mercury,1dfeR4HaWDbWqFHLkxsg1d,Queen
5,0otmxJEwq9JI1CidrcYEq4,https://api.spotify.com/v1/tracks/0otmxJEwq9JI1CidrcYEq4,Love Me Like There's No Tomorrow - Special Edition,spotify:track:0otmxJEwq9JI1CidrcYEq4,4M1FpEWs2PeYfJe7xxJfhH,Freddie Mercury,1dfeR4HaWDbWqFHLkxsg1d,Queen
6,1I4O4czyeGrvBH9RUtWzhz,https://api.spotify.com/v1/tracks/1I4O4czyeGrvBH9RUtWzhz,Living on My Own - Julian Raymond Album Mix,spotify:track:1I4O4czyeGrvBH9RUtWzhz,4M1FpEWs2PeYfJe7xxJfhH,Freddie Mercury,1dfeR4HaWDbWqFHLkxsg1d,Queen
7,4HyCv4lGb8NBnMAC7NB1vm,https://api.spotify.com/v1/tracks/4HyCv4lGb8NBnMAC7NB1vm,How Can I Go On - New Orchestrated Version,spotify:track:4HyCv4lGb8NBnMAC7NB1vm,4M1FpEWs2PeYfJe7xxJfhH,Freddie Mercury,1dfeR4HaWDbWqFHLkxsg1d,Queen
8,6BZuf8iLTI18rN8L8WarzL,https://api.spotify.com/v1/tracks/6BZuf8iLTI18rN8L8WarzL,Mr. Bad Guy - Special Edition,spotify:track:6BZuf8iLTI18rN8L8WarzL,4M1FpEWs2PeYfJe7xxJfhH,Freddie Mercury,1dfeR4HaWDbWqFHLkxsg1d,Queen
9,4A3U94BsyUELJZ3uHZC7c8,https://api.spotify.com/v1/tracks/4A3U94BsyUELJZ3uHZC7c8,I Was Born To Love You - Special Edition,spotify:track:4A3U94BsyUELJZ3uHZC7c8,4M1FpEWs2PeYfJe7xxJfhH,Freddie Mercury,1dfeR4HaWDbWqFHLkxsg1d,Queen
10,2RlgNHKcydI9sayD2Df2xp,https://api.spotify.com/v1/tracks/2RlgNHKcydI9sayD2Df2xp,Mr. Blue Sky,spotify:track:2RlgNHKcydI9sayD2Df2xp,7jefIIksOi1EazgRTfW2Pk,Electric Light Orchestra,1dfeR4HaWDbWqFHLkxsg1d,Queen
11,72ahyckBJfTigJCFCviVN7,https://api.spotify.com/v1/tracks/72ahyckBJfTigJCFCviVN7,Don't Bring Me Down,spotify:track:72ahyckBJfTigJCFCviVN7,7jefIIksOi1EazgRTfW2Pk,Electric Light Orchestra,1dfeR4HaWDbWqFHLkxsg1d,Queen
12,2hdNya0b6Cc2YJ8IyaQIWp,https://api.spotify.com/v1/tracks/2hdNya0b6Cc2YJ8IyaQIWp,Livin' Thing,spotify:track:2hdNya0b6Cc2YJ8IyaQIWp,7jefIIksOi1EazgRTfW2Pk,Electric Light Orchestra,1dfeR4HaWDbWqFHLkxsg1d,Queen
13,6xE6ZWzK1YDDSYzqOCoQlz,https://api.spotify.com/v1/tracks/6xE6ZWzK1YDDSYzqOCoQlz,Last Train to London,spotify:track:6xE6ZWzK1YDDSYzqOCoQlz,7jefIIksOi1EazgRTfW2Pk,Electric Light Orchestra,1dfeR4HaWDbWqFHLkxsg1d,Queen
14,777NOXupZkFdg8zlPMoVqc,https://api.spotify.com/v1/tracks/777NOXupZkFdg8zlPMoVqc,Evil Woman,spotify:track:777NOXupZkFdg8zlPMoVqc,7jefIIksOi1EazgRTfW2Pk,Electric Light Orchestra,1dfeR4HaWDbWqFHLkxsg1d,Queen
15,1Pd1h30mgU05QkWYhgFzwt,https://api.spotify.com/v1/tracks/1Pd1h30mgU05QkWYhgFzwt,Turn to Stone,spotify:track:1Pd1h30mgU05QkWYhgFzwt,7jefIIksOi1EazgRTfW2Pk,Electric Light Orchestra,1dfeR4HaWDbWqFHLkxsg1d,Queen
16,3SPcBPzvbmWLl8NU5efx4W,https://api.spotify.com/v1/tracks/3SPcBPzvbmWLl8NU5efx4W,Telephone Line,spotify:track:3SPcBPzvbmWLl8NU5efx4W,7jefIIksOi1EazgRTfW2Pk,Electric Light Orchestra,1dfeR4HaWDbWqFHLkxsg1d,Queen
17,0xAhbD6lCf5re1RXl5yiTm,https://api.spotify.com/v1/tracks/0xAhbD6lCf5re1RXl5yiTm,Sweet Talkin' Woman,spotify:track:0xAhbD6lCf5re1RXl5yiTm,7jefIIksOi1EazgRTfW2Pk,Electric Light Orchestra,1dfeR4HaWDbWqFHLkxsg1d,Queen
18,6yBbmHFTxihIDFAerzDMGi,https://api.spotify.com/v1/tracks/6yBbmHFTxihIDFAerzDMGi,Hold On Tight,spotify:track:6yBbmHFTxihIDFAerzDMGi,7jefIIksOi1EazgRTfW2Pk,Electric Light Orchestra,1dfeR4HaWDbWqFHLkxsg1d,Queen
19,0NN32Knbyo4gM1DKY9rdzg,https://api.spotify.com/v1/tracks/0NN32Knbyo4gM1DKY9rdzg,Do Ya,spotify:track:0NN32Knbyo4gM1DKY9rdzg,7jefIIksOi1EazgRTfW2Pk,Electric Light Orchestra,1dfeR4HaWDbWqFHLkxsg1d,Queen
20,5MxNLUsfh7uzROypsoO5qe,https://api.spotify.com/v1/tracks/5MxNLUsfh7uzROypsoO5qe,Dream On,spotify:track:5MxNLUsfh7uzROypsoO5qe,7Ey4PD4MYsKc5I2dolUwbH,Aerosmith,1dfeR4HaWDbWqFHLkxsg1d,Queen
21,6lEuFGrUqR9Yc6hSsHPnYP,https://api.spotify.com/v1/tracks/6lEuFGrUqR9Yc6hSsHPnYP,"I Don't Want to Miss a Thing - From ""Armageddon"" Soundtrack",spotify:track:6lEuFGrUqR9Yc6hSsHPnYP,7Ey4PD4MYsKc5I2dolUwbH,Aerosmith,1dfeR4HaWDbWqFHLkxsg1d,Queen
22,5SZ6zX4rOrEQferfFC2MfP,https://api.spotify.com/v1/tracks/5SZ6zX4rOrEQferfFC2MfP,Walk This Way,spotify:track:5SZ6zX4rOrEQferfFC2MfP,7Ey4PD4MYsKc5I2dolUwbH,Aerosmith,1dfeR4HaWDbWqFHLkxsg1d,Queen
23,74irxdVWstNlEQjsvArITq,https://api.spotify.com/v1/tracks/74irxdVWstNlEQjsvArITq,Crazy,spotify:track:74irxdVWstNlEQjsvArITq,7Ey4PD4MYsKc5I2dolUwbH,Aerosmith,1dfeR4HaWDbWqFHLkxsg1d,Queen
24,24NwBd5vZ2CK8VOQVnqdxr,https://api.spotify.com/v1/tracks/24NwBd5vZ2CK8VOQVnqdxr,Sweet Emotion,spotify:track:24NwBd5vZ2CK8VOQVnqdxr,7Ey4PD4MYsKc5I2dolUwbH,Aerosmith,1dfeR4HaWDbWqFHLkxsg1d,Queen
25,0NJC0FDCODpPUntRTTQq97,https://api.spotify.com/v1/tracks/0NJC0FDCODpPUntRTTQq97,Cryin',spotify:track:0NJC0FDCODpPUntRTTQq97,7Ey4PD4MYsKc5I2dolUwbH,Aerosmith,1dfeR4HaWDbWqFHLkxsg1d,Queen
26,6gQUbFwwdYXlKdmqRoWKJe,https://api.spotify.com/v1/tracks/6gQUbFwwdYXlKdmqRoWKJe,Dude (Looks Like A Lady),spotify:track:6gQUbFwwdYXlKdmqRoWKJe,7Ey4PD4MYsKc5I2dolUwbH,Aerosmith,1dfeR4HaWDbWqFHLkxsg1d,Queen
27,6beFuzSjwhOKFZp2aqYDdY,https://api.spotify.com/v1/tracks/6beFuzSjwhOKFZp2aqYDdY,Amazing,spotify:track:6beFuzSjwhOKFZp2aqYDdY,7Ey4PD4MYsKc5I2dolUwbH,Aerosmith,1dfeR4HaWDbWqFHLkxsg1d,Queen
28,7kPuCwBWgXy5TGfgwNUKwV,https://api.spotify.com/v1/tracks/7kPuCwBWgXy5TGfgwNUKwV,Hole In My Soul,spotify:track:7kPuCwBWgXy5TGfgwNUKwV,7Ey4PD4MYsKc5I2dolUwbH,Aerosmith,1dfeR4HaWDbWqFHLkxsg1d,Queen
29,5fMwvrqujbQjUxcNPcYrUF,https://api.spotify.com/v1/tracks/5fMwvrqujbQjUxcNPcYrUF,Janie's Got A Gun,spotify:track:5fMwvrqujbQjUxcNPcYrUF,7Ey4PD4MYsKc5I2dolUwbH,Aerosmith,1dfeR4HaWDbWqFHLkxsg1d,Queen
30,7Jh1bpe76CNTCgdgAdBw4Z,https://api.spotify.com/v1/tracks/7Jh1bpe76CNTCgdgAdBw4Z,Heroes - 2017 Remaster,spotify:track:7Jh1bpe76CNTCgdgAdBw4Z,0oSGxfWSnnOXhD2fKuz2Gy,David Bowie,1dfeR4HaWDbWqFHLkxsg1d,Queen
31,0pQskrTITgmCMyr85tb9qq,https://api.spotify.com/v1/tracks/0pQskrTITgmCMyr85tb9qq,Starman - 2012 Remaster,spotify:track:0pQskrTITgmCMyr85tb9qq,0oSGxfWSnnOXhD2fKuz2Gy,David Bowie,1dfeR4HaWDbWqFHLkxsg1d,Queen
32,2EC9IJj7g0mN1Q5VrZkiYY,https://api.spotify.com/v1/tracks/2EC9IJj7g0mN1Q5VrZkiYY,Rebel Rebel - 2016 Remaster,spotify:track:2EC9IJj7g0mN1Q5VrZkiYY,0oSGxfWSnnOXhD2fKuz2Gy,David Bowie,1dfeR4HaWDbWqFHLkxsg1d,Queen
33,3ix6K4wZY29bCujrSznwFZ,https://api.spotify.com/v1/tracks/3ix6K4wZY29bCujrSznwFZ,Let's Dance - 2018 Remaster,spotify:track:3ix6K4wZY29bCujrSznwFZ,0oSGxfWSnnOXhD2fKuz2Gy,David Bowie,1dfeR4HaWDbWqFHLkxsg1d,Queen
34,72Z17vmmeQKAg8bptWvpVG,https://api.spotify.com/v1/tracks/72Z17vmmeQKAg8bptWvpVG,Space Oddity - 2015 Remaster,spotify:track:72Z17vmmeQKAg8bptWvpVG,0oSGxfWSnnOXhD2fKuz2Gy,David Bowie,1dfeR4HaWDbWqFHLkxsg1d,Queen
35,3ZE3wv8V3w2T2f7nOCjV0N,https://api.spotify.com/v1/tracks/3ZE3wv8V3w2T2f7nOCjV0N,Life on Mars? - 2015 Remaster,spotify:track:3ZE3wv8V3w2T2f7nOCjV0N,0oSGxfWSnnOXhD2fKuz2Gy,David Bowie,1dfeR4HaWDbWqFHLkxsg1d,Queen
36,6mib3N4E8PZHAGQ3xy7bho,https://api.spotify.com/v1/tracks/6mib3N4E8PZHAGQ3xy7bho,Moonage Daydream - 2012 Remaster,spotify:track:6mib3N4E8PZHAGQ3xy7bho,0oSGxfWSnnOXhD2fKuz2Gy,David Bowie,1dfeR4HaWDbWqFHLkxsg1d,Queen
37,3gxEZXUjrNbl3TlSrTGbR5,https://api.spotify.com/v1/tracks/3gxEZXUjrNbl3TlSrTGbR5,Modern Love - 2018 Remaster,spotify:track:3gxEZXUjrNbl3TlSrTGbR5,0oSGxfWSnnOXhD2fKuz2Gy,David Bowie,1dfeR4HaWDbWqFHLkxsg1d,Queen
38,0LrwgdLsFaWh9VXIjBRe8t,https://api.spotify.com/v1/tracks/0LrwgdLsFaWh9VXIjBRe8t,Changes - 2015 Remaster,spotify:track:0LrwgdLsFaWh9VXIjBRe8t,0oSGxfWSnnOXhD2fKuz2Gy,David Bowie,1dfeR4HaWDbWqFHLkxsg1d,Queen
39,5IyL3XOaRPpTgxVjRIAxXU,https://api.spotify.com/v1/tracks/5IyL3XOaRPpTgxVjRIAxXU,Ziggy Stardust - 2012 Remaster,spotify:track:5IyL3XOaRPpTgxVjRIAxXU,0oSGxfWSnnOXhD2fKuz2Gy,David Bowie,1dfeR4HaWDbWqFHLkxsg1d,Queen
40,6JIC3hbC28JZKZ8AlAqX8h,https://api.spotify.com/v1/tracks/6JIC3hbC28JZKZ8AlAqX8h,Cold Heart - PNAU Remix,spotify:track:6JIC3hbC28JZKZ8AlAqX8h,3PhoLpVuITZKcymswpck5b,Elton John,1dfeR4HaWDbWqFHLkxsg1d,Queen
41,1jDJFeK9x3OZboIAHsY9k2,https://api.spotify.com/v1/tracks/1jDJFeK9x3OZboIAHsY9k2,I'm Still Standing,spotify:track:1jDJFeK9x3OZboIAHsY9k2,3PhoLpVuITZKcymswpck5b,Elton John,1dfeR4HaWDbWqFHLkxsg1d,Queen
42,3gdewACMIVMEWVbyb8O9sY,https://api.spotify.com/v1/tracks/3gdewACMIVMEWVbyb8O9sY,"Rocket Man (I Think It's Going To Be A Long, Long Time)",spotify:track:3gdewACMIVMEWVbyb8O9sY,3PhoLpVuITZKcymswpck5b,Elton John,1dfeR4HaWDbWqFHLkxsg1d,Queen
43,7HW5WIw7ZgZORCzUxv5gW5,https://api.spotify.com/v1/tracks/7HW5WIw7ZgZORCzUxv5gW5,Don't Go Breaking My Heart,spotify:track:7HW5WIw7ZgZORCzUxv5gW5,3PhoLpVuITZKcymswpck5b,Elton John,1dfeR4HaWDbWqFHLkxsg1d,Queen
44,38zsOOcu31XbbYj9BIPUF1,https://api.spotify.com/v1/tracks/38zsOOcu31XbbYj9BIPUF1,Your Song,spotify:track:38zsOOcu31XbbYj9BIPUF1,3PhoLpVuITZKcymswpck5b,Elton John,1dfeR4HaWDbWqFHLkxsg1d,Queen
45,2TVxnKdb3tqe1nhQWwwZCO,https://api.spotify.com/v1/tracks/2TVxnKdb3tqe1nhQWwwZCO,Tiny Dancer,spotify:track:2TVxnKdb3tqe1nhQWwwZCO,3PhoLpVuITZKcymswpck5b,Elton John,1dfeR4HaWDbWqFHLkxsg1d,Queen
46,5Wj1rJnCLpMHdLaxsFtJLs,https://api.spotify.com/v1/tracks/5Wj1rJnCLpMHdLaxsFtJLs,Bennie And The Jets - Remastered 2014,spotify:track:5Wj1rJnCLpMHdLaxsFtJLs,3PhoLpVuITZKcymswpck5b,Elton John,1dfeR4HaWDbWqFHLkxsg1d,Queen
47,0e3yhVeNaTfKIWQRw9U9sY,https://api.spotify.com/v1/tracks/0e3yhVeNaTfKIWQRw9U9sY,Sacrifice,spotify:track:0e3yhVeNaTfKIWQRw9U9sY,3PhoLpVuITZKcymswpck5b,Elton John,1dfeR4HaWDbWqFHLkxsg1d,Queen
48,6WCeFNVAXUtNczb7lqLiZU,https://api.spotify.com/v1/tracks/6WCeFNVAXUtNczb7lqLiZU,Crocodile Rock,spotify:track:6WCeFNVAXUtNczb7lqLiZU,3PhoLpVuITZKcymswpck5b,Elton John,1dfeR4HaWDbWqFHLkxsg1d,Queen
49,4IRHwIZHzlHT1FQpRa5RdE,https://api.spotify.com/v1/tracks/4IRHwIZHzlHT1FQpRa5RdE,Goodbye Yellow Brick Road - Remastered 2014,spotify:track:4IRHwIZHzlHT1FQpRa5RdE,3PhoLpVuITZKcymswpck5b,Elton John,1dfeR4HaWDbWqFHLkxsg1d,Queen
50,3qiyyUfYe7CRYLucrPmulD,https://api.spotify.com/v1/tracks/3qiyyUfYe7CRYLucrPmulD,Baba O'Riley,spotify:track:3qiyyUfYe7CRYLucrPmulD,67ea9eGLXYMsO2eYQRui3w,The Who,1dfeR4HaWDbWqFHLkxsg1d,Queen
51,0cKk8BKEi7zXbdrYdyqBP5,https://api.spotify.com/v1/tracks/0cKk8BKEi7zXbdrYdyqBP5,Behind Blue Eyes,spotify:track:0cKk8BKEi7zXbdrYdyqBP5,67ea9eGLXYMsO2eYQRui3w,The Who,1dfeR4HaWDbWqFHLkxsg1d,Queen
52,6LbbHFEajG9e4m0G3L47c4,https://api.spotify.com/v1/tracks/6LbbHFEajG9e4m0G3L47c4,Pinball Wizard,spotify:track:6LbbHFEajG9e4m0G3L47c4,67ea9eGLXYMsO2eYQRui3w,The Who,1dfeR4HaWDbWqFHLkxsg1d,Queen
53,0cJPLFrlV7TTCyPLupHzcH,https://api.spotify.com/v1/tracks/0cJPLFrlV7TTCyPLupHzcH,Won't Get Fooled Again - Original Album Version,spotify:track:0cJPLFrlV7TTCyPLupHzcH,67ea9eGLXYMsO2eYQRui3w,The Who,1dfeR4HaWDbWqFHLkxsg1d,Queen
54,23IJ5wLRhEZ9DOuia5mPiZ,https://api.spotify.com/v1/tracks/23IJ5wLRhEZ9DOuia5mPiZ,Who Are You,spotify:track:23IJ5wLRhEZ9DOuia5mPiZ,67ea9eGLXYMsO2eYQRui3w,The Who,1dfeR4HaWDbWqFHLkxsg1d,Queen
55,4u9f8hqstB7iITDJNzKhQx,https://api.spotify.com/v1/tracks/4u9f8hqstB7iITDJNzKhQx,My Generation - Stereo Version,spotify:track:4u9f8hqstB7iITDJNzKhQx,67ea9eGLXYMsO2eYQRui3w,The Who,1dfeR4HaWDbWqFHLkxsg1d,Queen
56,5orygsZ5Ga0jEOvftsXqw2,https://api.spotify.com/v1/tracks/5orygsZ5Ga0jEOvftsXqw2,The Seeker - Edit,spotify:track:5orygsZ5Ga0jEOvftsXqw2,67ea9eGLXYMsO2eYQRui3w,The Who,1dfeR4HaWDbWqFHLkxsg1d,Queen
57,6HhVHZTzhjvS5erfCm4roh,https://api.spotify.com/v1/tracks/6HhVHZTzhjvS5erfCm4roh,Eminence Front,spotify:track:6HhVHZTzhjvS5erfCm4roh,67ea9eGLXYMsO2eYQRui3w,The Who,1dfeR4HaWDbWqFHLkxsg1d,Queen
58,5iq0Tela3gm73ZW72XZ5dm,https://api.spotify.com/v1/tracks/5iq0Tela3gm73ZW72XZ5dm,Baba O'Riley - ConfidentialMX Remix,spotify:track:5iq0Tela3gm73ZW72XZ5dm,67ea9eGLXYMsO2eYQRui3w,The Who,1dfeR4HaWDbWqFHLkxsg1d,Queen
59,0SvROJ3KYQVlFSdA5cjk6S,https://api.spotify.com/v1/tracks/0SvROJ3KYQVlFSdA5cjk6S,Squeeze Box,spotify:track:0SvROJ3KYQVlFSdA5cjk6S,67ea9eGLXYMsO2eYQRui3w,The Who,1dfeR4HaWDbWqFHLkxsg1d,Queen
60,07q0QVgO56EorrSGHC48y3,https://api.spotify.com/v1/tracks/07q0QVgO56EorrSGHC48y3,I Was Made For Lovin' You,spotify:track:07q0QVgO56EorrSGHC48y3,07XSN3sPlIlB2L2XNcTwJw,KISS,1dfeR4HaWDbWqFHLkxsg1d,Queen
61,6KTv0Z8BmVqM7DPxbGzpVC,https://api.spotify.com/v1/tracks/6KTv0Z8BmVqM7DPxbGzpVC,Rock And Roll All Nite,spotify:track:6KTv0Z8BmVqM7DPxbGzpVC,07XSN3sPlIlB2L2XNcTwJw,KISS,1dfeR4HaWDbWqFHLkxsg1d,Queen
62,1brpdmqkx3kSxyqzqXfW7J,https://api.spotify.com/v1/tracks/1brpdmqkx3kSxyqzqXfW7J,Heaven's On Fire,spotify:track:1brpdmqkx3kSxyqzqXfW7J,07XSN3sPlIlB2L2XNcTwJw,KISS,1dfeR4HaWDbWqFHLkxsg1d,Queen
63,3IjrDeaVRFEi3GgHI5xyjX,https://api.spotify.com/v1/tracks/3IjrDeaVRFEi3GgHI5xyjX,Detroit Rock City,spotify:track:3IjrDeaVRFEi3GgHI5xyjX,07XSN3sPlIlB2L2XNcTwJw,KISS,1dfeR4HaWDbWqFHLkxsg1d,Queen
64,3cXiUuiGpFmZ8OdAWKk8Ck,https://api.spotify.com/v1/tracks/3cXiUuiGpFmZ8OdAWKk8Ck,Lick It Up,spotify:track:3cXiUuiGpFmZ8OdAWKk8Ck,07XSN3sPlIlB2L2XNcTwJw,KISS,1dfeR4HaWDbWqFHLkxsg1d,Queen
65,0UCg6lnG2MXpuEpf8Pk1MV,https://api.spotify.com/v1/tracks/0UCg6lnG2MXpuEpf8Pk1MV,Strutter,spotify:track:0UCg6lnG2MXpuEpf8Pk1MV,07XSN3sPlIlB2L2XNcTwJw,KISS,1dfeR4HaWDbWqFHLkxsg1d,Queen
66,2o4u19nlQWOGg5mLanT7Pg,https://api.spotify.com/v1/tracks/2o4u19nlQWOGg5mLanT7Pg,Forever,spotify:track:2o4u19nlQWOGg5mLanT7Pg,07XSN3sPlIlB2L2XNcTwJw,KISS,1dfeR4HaWDbWqFHLkxsg1d,Queen
67,3YSfGJNDtF8KrHlwCAaVns,https://api.spotify.com/v1/tracks/3YSfGJNDtF8KrHlwCAaVns,Crazy Crazy Nights,spotify:track:3YSfGJNDtF8KrHlwCAaVns,07XSN3sPlIlB2L2XNcTwJw,KISS,1dfeR4HaWDbWqFHLkxsg1d,Queen
68,0SPBrxOUEMIKugXR4bFhxs,https://api.spotify.com/v1/tracks/0SPBrxOUEMIKugXR4bFhxs,Love Gun,spotify:track:0SPBrxOUEMIKugXR4bFhxs,07XSN3sPlIlB2L2XNcTwJw,KISS,1dfeR4HaWDbWqFHLkxsg1d,Queen
69,7yDrKl1J4VWNbR4aLU3qJ7,https://api.spotify.com/v1/tracks/7yDrKl1J4VWNbR4aLU3qJ7,I Love It Loud,spotify:track:7yDrKl1J4VWNbR4aLU3qJ7,07XSN3sPlIlB2L2XNcTwJw,KISS,1dfeR4HaWDbWqFHLkxsg1d,Queen
70,7N3PAbqfTjSEU1edb2tY8j,https://api.spotify.com/v1/tracks/7N3PAbqfTjSEU1edb2tY8j,Jump - 2015 Remaster,spotify:track:7N3PAbqfTjSEU1edb2tY8j,2cnMpRsOVqtPMfq7YiFE6K,Van Halen,1dfeR4HaWDbWqFHLkxsg1d,Queen
71,05RgAMGypEvqhNs5hPCbMS,https://api.spotify.com/v1/tracks/05RgAMGypEvqhNs5hPCbMS,Panama - 2015 Remaster,spotify:track:05RgAMGypEvqhNs5hPCbMS,2cnMpRsOVqtPMfq7YiFE6K,Van Halen,1dfeR4HaWDbWqFHLkxsg1d,Queen
72,3KhF2YiNpJvGpfiCW45R6D,https://api.spotify.com/v1/tracks/3KhF2YiNpJvGpfiCW45R6D,Runnin' with the Devil - 2015 Remaster,spotify:track:3KhF2YiNpJvGpfiCW45R6D,2cnMpRsOVqtPMfq7YiFE6K,Van Halen,1dfeR4HaWDbWqFHLkxsg1d,Queen
73,6QDbGdbJ57Mtkflsg42WV5,https://api.spotify.com/v1/tracks/6QDbGdbJ57Mtkflsg42WV5,Hot for Teacher - 2015 Remaster,spotify:track:6QDbGdbJ57Mtkflsg42WV5,2cnMpRsOVqtPMfq7YiFE6K,Van Halen,1dfeR4HaWDbWqFHLkxsg1d,Queen
74,0upLyFR8Rr52ZpMp5esQoq,https://api.spotify.com/v1/tracks/0upLyFR8Rr52ZpMp5esQoq,You Really Got Me - 2015 Remaster,spotify:track:0upLyFR8Rr52ZpMp5esQoq,2cnMpRsOVqtPMfq7YiFE6K,Van Halen,1dfeR4HaWDbWqFHLkxsg1d,Queen
75,6fybp4N6eW3bsFAvARxyVe,https://api.spotify.com/v1/tracks/6fybp4N6eW3bsFAvARxyVe,Ain't Talkin' 'Bout Love - 2015 Remaster,spotify:track:6fybp4N6eW3bsFAvARxyVe,2cnMpRsOVqtPMfq7YiFE6K,Van Halen,1dfeR4HaWDbWqFHLkxsg1d,Queen
76,0TaT50ZZxT4ytZxuqkE3A9,https://api.spotify.com/v1/tracks/0TaT50ZZxT4ytZxuqkE3A9,Why Can't This Be Love,spotify:track:0TaT50ZZxT4ytZxuqkE3A9,2cnMpRsOVqtPMfq7YiFE6K,Van Halen,1dfeR4HaWDbWqFHLkxsg1d,Queen
77,4RS9PmtHQe7I0o5fEeweOY,https://api.spotify.com/v1/tracks/4RS9PmtHQe7I0o5fEeweOY,Dance the Night Away - 2015 Remaster,spotify:track:4RS9PmtHQe7I0o5fEeweOY,2cnMpRsOVqtPMfq7YiFE6K,Van Halen,1dfeR4HaWDbWqFHLkxsg1d,Queen
78,2tAeN2TKlQLOoSPXtARzBV,https://api.spotify.com/v1/tracks/2tAeN2TKlQLOoSPXtARzBV,Eruption - 2015 Remaster,spotify:track:2tAeN2TKlQLOoSPXtARzBV,2cnMpRsOVqtPMfq7YiFE6K,Van Halen,1dfeR4HaWDbWqFHLkxsg1d,Queen
79,72hpTHMLFrO4ErhSQl2FhZ,https://api.spotify.com/v1/tracks/72hpTHMLFrO4ErhSQl2FhZ,Can't Stop Lovin' You,spotify:track:72hpTHMLFrO4ErhSQl2FhZ,2cnMpRsOVqtPMfq7YiFE6K,Van Halen,1dfeR4HaWDbWqFHLkxsg1d,Queen
80,4bHsxqR3GMrXTxEPLuK5ue,https://api.spotify.com/v1/tracks/4bHsxqR3GMrXTxEPLuK5ue,Don't Stop Believin',spotify:track:4bHsxqR3GMrXTxEPLuK5ue,0rvjqX7ttXeg3mTy8Xscbt,Journey,1dfeR4HaWDbWqFHLkxsg1d,Queen
81,0muK9BAzu2TJXQgWPsEj6e,https://api.spotify.com/v1/tracks/0muK9BAzu2TJXQgWPsEj6e,Separate Ways (Worlds Apart) - Bryce Miller/Alloy Tracks Remix,spotify:track:0muK9BAzu2TJXQgWPsEj6e,0rvjqX7ttXeg3mTy8Xscbt,Journey,1dfeR4HaWDbWqFHLkxsg1d,Queen
82,71SvEDmsOwIWw1IozsZoMA,https://api.spotify.com/v1/tracks/71SvEDmsOwIWw1IozsZoMA,Any Way You Want It,spotify:track:71SvEDmsOwIWw1IozsZoMA,0rvjqX7ttXeg3mTy8Xscbt,Journey,1dfeR4HaWDbWqFHLkxsg1d,Queen
83,1pTw2cNrp9L3esxLAvWnN2,https://api.spotify.com/v1/tracks/1pTw2cNrp9L3esxLAvWnN2,Separate Ways (Worlds Apart),spotify:track:1pTw2cNrp9L3esxLAvWnN2,0rvjqX7ttXeg3mTy8Xscbt,Journey,1dfeR4HaWDbWqFHLkxsg1d,Queen
84,2w4EpqGasrz9qdTwocx54t,https://api.spotify.com/v1/tracks/2w4EpqGasrz9qdTwocx54t,Open Arms,spotify:track:2w4EpqGasrz9qdTwocx54t,0rvjqX7ttXeg3mTy8Xscbt,Journey,1dfeR4HaWDbWqFHLkxsg1d,Queen
85,0l5TpsCL1ObiTEsHeWA0by,https://api.spotify.com/v1/tracks/0l5TpsCL1ObiTEsHeWA0by,Faithfully,spotify:track:0l5TpsCL1ObiTEsHeWA0by,0rvjqX7ttXeg3mTy8Xscbt,Journey,1dfeR4HaWDbWqFHLkxsg1d,Queen
86,215wUTQQUo2PElJFEFoB0d,https://api.spotify.com/v1/tracks/215wUTQQUo2PElJFEFoB0d,Wheel in the Sky,spotify:track:215wUTQQUo2PElJFEFoB0d,0rvjqX7ttXeg3mTy8Xscbt,Journey,1dfeR4HaWDbWqFHLkxsg1d,Queen
87,4cgSBnNzOo9rhwzUczB7HI,https://api.spotify.com/v1/tracks/4cgSBnNzOo9rhwzUczB7HI,Stone in Love,spotify:track:4cgSBnNzOo9rhwzUczB7HI,0rvjqX7ttXeg3mTy8Xscbt,Journey,1dfeR4HaWDbWqFHLkxsg1d,Queen
88,7EHmKkyAr6MZv5Y2FdZbXw,https://api.spotify.com/v1/tracks/7EHmKkyAr6MZv5Y2FdZbXw,Lights,spotify:track:7EHmKkyAr6MZv5Y2FdZbXw,0rvjqX7ttXeg3mTy8Xscbt,Journey,1dfeR4HaWDbWqFHLkxsg1d,Queen
89,0VQ0n5gMgJLNixG8BfWBT5,https://api.spotify.com/v1/tracks/0VQ0n5gMgJLNixG8BfWBT5,"Lovin', Touchin', Squeezin'",spotify:track:0VQ0n5gMgJLNixG8BfWBT5,0rvjqX7ttXeg3mTy8Xscbt,Journey,1dfeR4HaWDbWqFHLkxsg1d,Queen
90,5CQ30WqJwcep0pYcV4AMNc,https://api.spotify.com/v1/tracks/5CQ30WqJwcep0pYcV4AMNc,Stairway to Heaven - Remaster,spotify:track:5CQ30WqJwcep0pYcV4AMNc,36QJpDe2go2KgaRleHCDTp,Led Zeppelin,1dfeR4HaWDbWqFHLkxsg1d,Queen
91,78lgmZwycJ3nzsdgmPPGNx,https://api.spotify.com/v1/tracks/78lgmZwycJ3nzsdgmPPGNx,Immigrant Song - Remaster,spotify:track:78lgmZwycJ3nzsdgmPPGNx,36QJpDe2go2KgaRleHCDTp,Led Zeppelin,1dfeR4HaWDbWqFHLkxsg1d,Queen
92,0hCB0YR03f6AmQaHbwWDe8,https://api.spotify.com/v1/tracks/0hCB0YR03f6AmQaHbwWDe8,Whole Lotta Love - 1990 Remaster,spotify:track:0hCB0YR03f6AmQaHbwWDe8,36QJpDe2go2KgaRleHCDTp,Led Zeppelin,1dfeR4HaWDbWqFHLkxsg1d,Queen
93,3qT4bUD1MaWpGrTwcvguhb,https://api.spotify.com/v1/tracks/3qT4bUD1MaWpGrTwcvguhb,Black Dog - Remaster,spotify:track:3qT4bUD1MaWpGrTwcvguhb,36QJpDe2go2KgaRleHCDTp,Led Zeppelin,1dfeR4HaWDbWqFHLkxsg1d,Queen
94,6Vjk8MNXpQpi0F4BefdTyq,https://api.spotify.com/v1/tracks/6Vjk8MNXpQpi0F4BefdTyq,Kashmir - Remaster,spotify:track:6Vjk8MNXpQpi0F4BefdTyq,36QJpDe2go2KgaRleHCDTp,Led Zeppelin,1dfeR4HaWDbWqFHLkxsg1d,Queen
95,3MODES4TNtygekLl146Dxd,https://api.spotify.com/v1/tracks/3MODES4TNtygekLl146Dxd,Ramble On - 1990 Remaster,spotify:track:3MODES4TNtygekLl146Dxd,36QJpDe2go2KgaRleHCDTp,Led Zeppelin,1dfeR4HaWDbWqFHLkxsg1d,Queen
96,4PRGxHpCpF2yoOHYKQIEwD,https://api.spotify.com/v1/tracks/4PRGxHpCpF2yoOHYKQIEwD,Rock and Roll - Remaster,spotify:track:4PRGxHpCpF2yoOHYKQIEwD,36QJpDe2go2KgaRleHCDTp,Led Zeppelin,1dfeR4HaWDbWqFHLkxsg1d,Queen
97,70gbuMqwNBE2Y5rkQJE9By,https://api.spotify.com/v1/tracks/70gbuMqwNBE2Y5rkQJE9By,Going to California - Remaster,spotify:track:70gbuMqwNBE2Y5rkQJE9By,36QJpDe2go2KgaRleHCDTp,Led Zeppelin,1dfeR4HaWDbWqFHLkxsg1d,Queen
98,0QwZfbw26QeUoIy82Z2jYp,https://api.spotify.com/v1/tracks/0QwZfbw26QeUoIy82Z2jYp,Good Times Bad Times - 1993 Remaster,spotify:track:0QwZfbw26QeUoIy82Z2jYp,36QJpDe2go2KgaRleHCDTp,Led Zeppelin,1dfeR4HaWDbWqFHLkxsg1d,Queen
99,4ItljeeAXtHsnsnnQojaO2,https://api.spotify.com/v1/tracks/4ItljeeAXtHsnsnnQojaO2,D'yer Mak'er - Remaster,spotify:track:4ItljeeAXtHsnsnnQojaO2,36QJpDe2go2KgaRleHCDTp,Led Zeppelin,1dfeR4HaWDbWqFHLkxsg1d,Queen
100,6XUHsYE38CEbYunT983O9G,https://api.spotify.com/v1/tracks/6XUHsYE38CEbYunT983O9G,Give A Little Bit,spotify:track:6XUHsYE38CEbYunT983O9G,3JsMj0DEzyWc0VDlHuy9Bx,Supertramp,1dfeR4HaWDbWqFHLkxsg1d,Queen
101,6mHOcVtsHLMuesJkswc0GZ,https://api.spotify.com/v1/tracks/6mHOcVtsHLMuesJkswc0GZ,The Logical Song - Remastered 2010,spotify:track:6mHOcVtsHLMuesJkswc0GZ,3JsMj0DEzyWc0VDlHuy9Bx,Supertramp,1dfeR4HaWDbWqFHLkxsg1d,Queen
102,4a5pNRjwmzYQuEY1E7O6pj,https://api.spotify.com/v1/tracks/4a5pNRjwmzYQuEY1E7O6pj,Breakfast In America - 2010 Remastered,spotify:track:4a5pNRjwmzYQuEY1E7O6pj,3JsMj0DEzyWc0VDlHuy9Bx,Supertramp,1dfeR4HaWDbWqFHLkxsg1d,Queen
103,67oyFnjJnn78fZP9KjeZx0,https://api.spotify.com/v1/tracks/67oyFnjJnn78fZP9KjeZx0,Goodbye Stranger - 2010 Remastered,spotify:track:67oyFnjJnn78fZP9KjeZx0,3JsMj0DEzyWc0VDlHuy9Bx,Supertramp,1dfeR4HaWDbWqFHLkxsg1d,Queen
104,0v0XYK0pLgsPiq5u4FKHaw,https://api.spotify.com/v1/tracks/0v0XYK0pLgsPiq5u4FKHaw,Take The Long Way Home - 2010 Remastered,spotify:track:0v0XYK0pLgsPiq5u4FKHaw,3JsMj0DEzyWc0VDlHuy9Bx,Supertramp,1dfeR4HaWDbWqFHLkxsg1d,Queen
105,6fnachl7fIn5dqIjakfJ57,https://api.spotify.com/v1/tracks/6fnachl7fIn5dqIjakfJ57,School,spotify:track:6fnachl7fIn5dqIjakfJ57,3JsMj0DEzyWc0VDlHuy9Bx,Supertramp,1dfeR4HaWDbWqFHLkxsg1d,Queen
106,2bzBI23EJWHjXmGj3xlYaM,https://api.spotify.com/v1/tracks/2bzBI23EJWHjXmGj3xlYaM,It's Raining Again,spotify:track:2bzBI23EJWHjXmGj3xlYaM,3JsMj0DEzyWc0VDlHuy9Bx,Supertramp,1dfeR4HaWDbWqFHLkxsg1d,Queen
107,5z4ljpMLi1LTF8UG9P53fH,https://api.spotify.com/v1/tracks/5z4ljpMLi1LTF8UG9P53fH,Dreamer,spotify:track:5z4ljpMLi1LTF8UG9P53fH,3JsMj0DEzyWc0VDlHuy9Bx,Supertramp,1dfeR4HaWDbWqFHLkxsg1d,Queen
108,2SmlWvdYG6FsagxN3FkHMI,https://api.spotify.com/v1/tracks/2SmlWvdYG6FsagxN3FkHMI,Bloody Well Right,spotify:track:2SmlWvdYG6FsagxN3FkHMI,3JsMj0DEzyWc0VDlHuy9Bx,Supertramp,1dfeR4HaWDbWqFHLkxsg1d,Queen
109,5pSSEkT0963muzzIjsVkrs,https://api.spotify.com/v1/tracks/5pSSEkT0963muzzIjsVkrs,Fool's Overture,spotify:track:5pSSEkT0963muzzIjsVkrs,3JsMj0DEzyWc0VDlHuy9Bx,Supertramp,1dfeR4HaWDbWqFHLkxsg1d,Queen
110,2374M0fQpWi3dLnB54qaLX,https://api.spotify.com/v1/tracks/2374M0fQpWi3dLnB54qaLX,Africa,spotify:track:2374M0fQpWi3dLnB54qaLX,0PFtn5NtBbbUNbU9EAmIWF,TOTO,1dfeR4HaWDbWqFHLkxsg1d,Queen
111,4aVuWgvD0X63hcOCnZtNFA,https://api.spotify.com/v1/tracks/4aVuWgvD0X63hcOCnZtNFA,Hold the Line,spotify:track:4aVuWgvD0X63hcOCnZtNFA,0PFtn5NtBbbUNbU9EAmIWF,TOTO,1dfeR4HaWDbWqFHLkxsg1d,Queen
112,37BTh5g05cxBIRYMbw8g2T,https://api.spotify.com/v1/tracks/37BTh5g05cxBIRYMbw8g2T,Rosanna,spotify:track:37BTh5g05cxBIRYMbw8g2T,0PFtn5NtBbbUNbU9EAmIWF,TOTO,1dfeR4HaWDbWqFHLkxsg1d,Queen
113,1WeoeHh0TSzsApyJ6Q8OOK,https://api.spotify.com/v1/tracks/1WeoeHh0TSzsApyJ6Q8OOK,I'll Be Over You,spotify:track:1WeoeHh0TSzsApyJ6Q8OOK,0PFtn5NtBbbUNbU9EAmIWF,TOTO,1dfeR4HaWDbWqFHLkxsg1d,Queen
114,73bzcsDjx9FqzqKWcPLMiH,https://api.spotify.com/v1/tracks/73bzcsDjx9FqzqKWcPLMiH,Stop Loving You,spotify:track:73bzcsDjx9FqzqKWcPLMiH,0PFtn5NtBbbUNbU9EAmIWF,TOTO,1dfeR4HaWDbWqFHLkxsg1d,Queen
115,5jQcJ2st6yHWhUBjoDoZPH,https://api.spotify.com/v1/tracks/5jQcJ2st6yHWhUBjoDoZPH,Georgy Porgy,spotify:track:5jQcJ2st6yHWhUBjoDoZPH,0PFtn5NtBbbUNbU9EAmIWF,TOTO,1dfeR4HaWDbWqFHLkxsg1d,Queen
116,7D4EtbE7LfQiH8CWj7fQoz,https://api.spotify.com/v1/tracks/7D4EtbE7LfQiH8CWj7fQoz,I Won't Hold You Back,spotify:track:7D4EtbE7LfQiH8CWj7fQoz,0PFtn5NtBbbUNbU9EAmIWF,TOTO,1dfeR4HaWDbWqFHLkxsg1d,Queen
117,3LFdvM7nIV8t02zyhYLvJo,https://api.spotify.com/v1/tracks/3LFdvM7nIV8t02zyhYLvJo,Pamela,spotify:track:3LFdvM7nIV8t02zyhYLvJo,0PFtn5NtBbbUNbU9EAmIWF,TOTO,1dfeR4HaWDbWqFHLkxsg1d,Queen
118,2R3E4xKmy7lyieBKONkIMT,https://api.spotify.com/v1/tracks/2R3E4xKmy7lyieBKONkIMT,99,spotify:track:2R3E4xKmy7lyieBKONkIMT,0PFtn5NtBbbUNbU9EAmIWF,TOTO,1dfeR4HaWDbWqFHLkxsg1d,Queen
119,1MzFmVDSl7Vm00f3Hw4Xfx,https://api.spotify.com/v1/tracks/1MzFmVDSl7Vm00f3Hw4Xfx,I Will Remember,spotify:track:1MzFmVDSl7Vm00f3Hw4Xfx,0PFtn5NtBbbUNbU9EAmIWF,TOTO,1dfeR4HaWDbWqFHLkxsg1d,Queen
120,5MMnwYs0hIxkENRsbkWJ2G,https://api.spotify.com/v1/tracks/5MMnwYs0hIxkENRsbkWJ2G,Smoke On The Water - Remastered 2012,spotify:track:5MMnwYs0hIxkENRsbkWJ2G,568ZhdwyaiCyOGJRtNYhWf,Deep Purple,1dfeR4HaWDbWqFHLkxsg1d,Queen
121,3uMmllZo1AfoEnVT4ENCD3,https://api.spotify.com/v1/tracks/3uMmllZo1AfoEnVT4ENCD3,Highway Star - Remastered 2012,spotify:track:3uMmllZo1AfoEnVT4ENCD3,568ZhdwyaiCyOGJRtNYhWf,Deep Purple,1dfeR4HaWDbWqFHLkxsg1d,Queen
122,2JhJOPGvtqMpj5RQC8cIYf,https://api.spotify.com/v1/tracks/2JhJOPGvtqMpj5RQC8cIYf,Perfect Strangers,spotify:track:2JhJOPGvtqMpj5RQC8cIYf,568ZhdwyaiCyOGJRtNYhWf,Deep Purple,1dfeR4HaWDbWqFHLkxsg1d,Queen
123,2Vim06YsRb4uJRpbeq6NR6,https://api.spotify.com/v1/tracks/2Vim06YsRb4uJRpbeq6NR6,Hush - 1998 Remaster,spotify:track:2Vim06YsRb4uJRpbeq6NR6,568ZhdwyaiCyOGJRtNYhWf,Deep Purple,1dfeR4HaWDbWqFHLkxsg1d,Queen
124,60ifqqPhbselSwXyGrGyMK,https://api.spotify.com/v1/tracks/60ifqqPhbselSwXyGrGyMK,Soldier Of Fortune - 2009 Digital Remaster,spotify:track:60ifqqPhbselSwXyGrGyMK,568ZhdwyaiCyOGJRtNYhWf,Deep Purple,1dfeR4HaWDbWqFHLkxsg1d,Queen
125,1iW2ktyrQHNKZwFTvgP0Ta,https://api.spotify.com/v1/tracks/1iW2ktyrQHNKZwFTvgP0Ta,Burn - Remastered 2004,spotify:track:1iW2ktyrQHNKZwFTvgP0Ta,568ZhdwyaiCyOGJRtNYhWf,Deep Purple,1dfeR4HaWDbWqFHLkxsg1d,Queen
126,0JtcFIgrkSagrM5JdFakeO,https://api.spotify.com/v1/tracks/0JtcFIgrkSagrM5JdFakeO,When A Blind Man Cries - Remastered,spotify:track:0JtcFIgrkSagrM5JdFakeO,568ZhdwyaiCyOGJRtNYhWf,Deep Purple,1dfeR4HaWDbWqFHLkxsg1d,Queen
127,573Z2Dty5epeNgKsgoDOlr,https://api.spotify.com/v1/tracks/573Z2Dty5epeNgKsgoDOlr,Child in Time - 1995 Remaster,spotify:track:573Z2Dty5epeNgKsgoDOlr,568ZhdwyaiCyOGJRtNYhWf,Deep Purple,1dfeR4HaWDbWqFHLkxsg1d,Queen
128,2c1ccPqUnFYD8W7LY65bKG,https://api.spotify.com/v1/tracks/2c1ccPqUnFYD8W7LY65bKG,Black Night - 1995 Remaster,spotify:track:2c1ccPqUnFYD8W7LY65bKG,568ZhdwyaiCyOGJRtNYhWf,Deep Purple,1dfeR4HaWDbWqFHLkxsg1d,Queen
129,1VJBQdDrOblSLmoZMeh1xh,https://api.spotify.com/v1/tracks/1VJBQdDrOblSLmoZMeh1xh,Knocking At Your Back Door,spotify:track:1VJBQdDrOblSLmoZMeh1xh,568ZhdwyaiCyOGJRtNYhWf,Deep Purple,1dfeR4HaWDbWqFHLkxsg1d,Queen
130,1QEEqeFIZktqIpPI4jSVSF,https://api.spotify.com/v1/tracks/1QEEqeFIZktqIpPI4jSVSF,More Than a Feeling,spotify:track:1QEEqeFIZktqIpPI4jSVSF,29kkCKKGXheHuoO829FxWK,Boston,1dfeR4HaWDbWqFHLkxsg1d,Queen
131,1GqlvSEtMx5xbGptxOTTyk,https://api.spotify.com/v1/tracks/1GqlvSEtMx5xbGptxOTTyk,Peace of Mind,spotify:track:1GqlvSEtMx5xbGptxOTTyk,29kkCKKGXheHuoO829FxWK,Boston,1dfeR4HaWDbWqFHLkxsg1d,Queen
132,4gpext9x0CbdD9NWaa4nDj,https://api.spotify.com/v1/tracks/4gpext9x0CbdD9NWaa4nDj,Amanda,spotify:track:4gpext9x0CbdD9NWaa4nDj,29kkCKKGXheHuoO829FxWK,Boston,1dfeR4HaWDbWqFHLkxsg1d,Queen
133,39C5FuZ8C8M0QI8CrMsPkR,https://api.spotify.com/v1/tracks/39C5FuZ8C8M0QI8CrMsPkR,Foreplay / Long Time,spotify:track:39C5FuZ8C8M0QI8CrMsPkR,29kkCKKGXheHuoO829FxWK,Boston,1dfeR4HaWDbWqFHLkxsg1d,Queen
134,5u5qlnyVaewWugJIjzilIc,https://api.spotify.com/v1/tracks/5u5qlnyVaewWugJIjzilIc,Smokin',spotify:track:5u5qlnyVaewWugJIjzilIc,29kkCKKGXheHuoO829FxWK,Boston,1dfeR4HaWDbWqFHLkxsg1d,Queen
135,4QySZtWymRGNgrwxZOODKF,https://api.spotify.com/v1/tracks/4QySZtWymRGNgrwxZOODKF,Don't Look Back,spotify:track:4QySZtWymRGNgrwxZOODKF,29kkCKKGXheHuoO829FxWK,Boston,1dfeR4HaWDbWqFHLkxsg1d,Queen
136,5E89Izp4YhPyNShoxiOJ1u,https://api.spotify.com/v1/tracks/5E89Izp4YhPyNShoxiOJ1u,Rock & Roll Band,spotify:track:5E89Izp4YhPyNShoxiOJ1u,29kkCKKGXheHuoO829FxWK,Boston,1dfeR4HaWDbWqFHLkxsg1d,Queen
137,0870QNicMawQH2cnzBVZ3P,https://api.spotify.com/v1/tracks/0870QNicMawQH2cnzBVZ3P,Hitch a Ride,spotify:track:0870QNicMawQH2cnzBVZ3P,29kkCKKGXheHuoO829FxWK,Boston,1dfeR4HaWDbWqFHLkxsg1d,Queen
138,6485cn8SoHq6qPdmeQcw4x,https://api.spotify.com/v1/tracks/6485cn8SoHq6qPdmeQcw4x,Let Me Take You Home Tonight,spotify:track:6485cn8SoHq6qPdmeQcw4x,29kkCKKGXheHuoO829FxWK,Boston,1dfeR4HaWDbWqFHLkxsg1d,Queen
139,1KxNmUInjFsoDFrLaTtpLZ,https://api.spotify.com/v1/tracks/1KxNmUInjFsoDFrLaTtpLZ,Something About You,spotify:track:1KxNmUInjFsoDFrLaTtpLZ,29kkCKKGXheHuoO829FxWK,Boston,1dfeR4HaWDbWqFHLkxsg1d,Queen
140,4U45aEWtQhrm8A5mxPaFZ7,https://api.spotify.com/v1/tracks/4U45aEWtQhrm8A5mxPaFZ7,Vienna,spotify:track:4U45aEWtQhrm8A5mxPaFZ7,6zFYqv1mOsgBRQbae3JJ9e,Billy Joel,1dfeR4HaWDbWqFHLkxsg1d,Queen
141,5zA8vzDGqPl2AzZkEYQGKh,https://api.spotify.com/v1/tracks/5zA8vzDGqPl2AzZkEYQGKh,Uptown Girl,spotify:track:5zA8vzDGqPl2AzZkEYQGKh,6zFYqv1mOsgBRQbae3JJ9e,Billy Joel,1dfeR4HaWDbWqFHLkxsg1d,Queen
142,70C4NyhjD5OZUMzvWZ3njJ,https://api.spotify.com/v1/tracks/70C4NyhjD5OZUMzvWZ3njJ,Piano Man,spotify:track:70C4NyhjD5OZUMzvWZ3njJ,6zFYqv1mOsgBRQbae3JJ9e,Billy Joel,1dfeR4HaWDbWqFHLkxsg1d,Queen
143,3Cx4yrFaX8CeHwBMReOWXI,https://api.spotify.com/v1/tracks/3Cx4yrFaX8CeHwBMReOWXI,We Didn't Start the Fire,spotify:track:3Cx4yrFaX8CeHwBMReOWXI,6zFYqv1mOsgBRQbae3JJ9e,Billy Joel,1dfeR4HaWDbWqFHLkxsg1d,Queen
144,5RgFlk1fcClZd0Y4SGYhqH,https://api.spotify.com/v1/tracks/5RgFlk1fcClZd0Y4SGYhqH,She's Always a Woman,spotify:track:5RgFlk1fcClZd0Y4SGYhqH,6zFYqv1mOsgBRQbae3JJ9e,Billy Joel,1dfeR4HaWDbWqFHLkxsg1d,Queen
145,4ZoBC5MhSEzuknIgAkBaoT,https://api.spotify.com/v1/tracks/4ZoBC5MhSEzuknIgAkBaoT,My Life,spotify:track:4ZoBC5MhSEzuknIgAkBaoT,6zFYqv1mOsgBRQbae3JJ9e,Billy Joel,1dfeR4HaWDbWqFHLkxsg1d,Queen
146,49MHCPzvMLXhRjDantBMVH,https://api.spotify.com/v1/tracks/49MHCPzvMLXhRjDantBMVH,Just the Way You Are,spotify:track:49MHCPzvMLXhRjDantBMVH,6zFYqv1mOsgBRQbae3JJ9e,Billy Joel,1dfeR4HaWDbWqFHLkxsg1d,Queen
147,64UioB4Nmwgn2f4cbIpAkl,https://api.spotify.com/v1/tracks/64UioB4Nmwgn2f4cbIpAkl,It's Still Rock and Roll to Me,spotify:track:64UioB4Nmwgn2f4cbIpAkl,6zFYqv1mOsgBRQbae3JJ9e,Billy Joel,1dfeR4HaWDbWqFHLkxsg1d,Queen
148,1xOXXYh6lTW8laxlW7JP2J,https://api.spotify.com/v1/tracks/1xOXXYh6lTW8laxlW7JP2J,Only the Good Die Young,spotify:track:1xOXXYh6lTW8laxlW7JP2J,6zFYqv1mOsgBRQbae3JJ9e,Billy Joel,1dfeR4HaWDbWqFHLkxsg1d,Queen
149,5DH7nDryMhpixm4G4B7RP9,https://api.spotify.com/v1/tracks/5DH7nDryMhpixm4G4B7RP9,The Longest Time,spotify:track:5DH7nDryMhpixm4G4B7RP9,6zFYqv1mOsgBRQbae3JJ9e,Billy Joel,1dfeR4HaWDbWqFHLkxsg1d,Queen
150,1CQqupcyMg7176PPmIVmSj,https://api.spotify.com/v1/tracks/1CQqupcyMg7176PPmIVmSj,Renegade,spotify:track:1CQqupcyMg7176PPmIVmSj,4salDzkGmfycRqNUbyBphh,Styx,1dfeR4HaWDbWqFHLkxsg1d,Queen
151,0PsbWiVtix5FoTZ1s00mEl,https://api.spotify.com/v1/tracks/0PsbWiVtix5FoTZ1s00mEl,Come Sail Away,spotify:track:0PsbWiVtix5FoTZ1s00mEl,4salDzkGmfycRqNUbyBphh,Styx,1dfeR4HaWDbWqFHLkxsg1d,Queen
152,5W7YROOF6bFfBexY81LFjt,https://api.spotify.com/v1/tracks/5W7YROOF6bFfBexY81LFjt,Babe,spotify:track:5W7YROOF6bFfBexY81LFjt,4salDzkGmfycRqNUbyBphh,Styx,1dfeR4HaWDbWqFHLkxsg1d,Queen
153,7C0rG4oWO7VeZcffyW1sK9,https://api.spotify.com/v1/tracks/7C0rG4oWO7VeZcffyW1sK9,Mr. Roboto,spotify:track:7C0rG4oWO7VeZcffyW1sK9,4salDzkGmfycRqNUbyBphh,Styx,1dfeR4HaWDbWqFHLkxsg1d,Queen
154,4hWUOIDHda9XOb1zDchftP,https://api.spotify.com/v1/tracks/4hWUOIDHda9XOb1zDchftP,Too Much Time On My Hands,spotify:track:4hWUOIDHda9XOb1zDchftP,4salDzkGmfycRqNUbyBphh,Styx,1dfeR4HaWDbWqFHLkxsg1d,Queen
155,60F6ntlU0uSzgChmyQyVJP,https://api.spotify.com/v1/tracks/60F6ntlU0uSzgChmyQyVJP,Blue Collar Man (Long Nights),spotify:track:60F6ntlU0uSzgChmyQyVJP,4salDzkGmfycRqNUbyBphh,Styx,1dfeR4HaWDbWqFHLkxsg1d,Queen
156,7GRUpcvSQM9HrnC2CjYPG4,https://api.spotify.com/v1/tracks/7GRUpcvSQM9HrnC2CjYPG4,The Best Of Times,spotify:track:7GRUpcvSQM9HrnC2CjYPG4,4salDzkGmfycRqNUbyBphh,Styx,1dfeR4HaWDbWqFHLkxsg1d,Queen
157,1wpRglLhQ092N1rftlDMD3,https://api.spotify.com/v1/tracks/1wpRglLhQ092N1rftlDMD3,Lady,spotify:track:1wpRglLhQ092N1rftlDMD3,4salDzkGmfycRqNUbyBphh,Styx,1dfeR4HaWDbWqFHLkxsg1d,Queen
158,4o9DSo7c1ICv4CtFWFSmGx,https://api.spotify.com/v1/tracks/4o9DSo7c1ICv4CtFWFSmGx,Boat On The River,spotify:track:4o9DSo7c1ICv4CtFWFSmGx,4salDzkGmfycRqNUbyBphh,Styx,1dfeR4HaWDbWqFHLkxsg1d,Queen
159,2upjcGvuiTCGSaGPZZ2dtD,https://api.spotify.com/v1/tracks/2upjcGvuiTCGSaGPZZ2dtD,Show Me The Way,spotify:track:2upjcGvuiTCGSaGPZZ2dtD,4salDzkGmfycRqNUbyBphh,Styx,1dfeR4HaWDbWqFHLkxsg1d,Queen
160,7pKfPomDEeI4TPT6EOYjn9,https://api.spotify.com/v1/tracks/7pKfPomDEeI4TPT6EOYjn9,Imagine - Remastered 2010,spotify:track:7pKfPomDEeI4TPT6EOYjn9,4x1nvY2FN8jxqAFA0DA02H,John Lennon,1dfeR4HaWDbWqFHLkxsg1d,Queen
161,0GGxVTb0UwDwdaKNjBdCn3,https://api.spotify.com/v1/tracks/0GGxVTb0UwDwdaKNjBdCn3,Woman - Remastered 2010,spotify:track:0GGxVTb0UwDwdaKNjBdCn3,4x1nvY2FN8jxqAFA0DA02H,John Lennon,1dfeR4HaWDbWqFHLkxsg1d,Queen
162,5URfZHMlUWTWxPvvSBWcPk,https://api.spotify.com/v1/tracks/5URfZHMlUWTWxPvvSBWcPk,Beautiful Boy (Darling Boy) - Remastered 2010,spotify:track:5URfZHMlUWTWxPvvSBWcPk,4x1nvY2FN8jxqAFA0DA02H,John Lennon,1dfeR4HaWDbWqFHLkxsg1d,Queen
163,3ntrdR24dLkKrzSGRv1FlH,https://api.spotify.com/v1/tracks/3ntrdR24dLkKrzSGRv1FlH,Stand By Me - Remastered 2010,spotify:track:3ntrdR24dLkKrzSGRv1FlH,4x1nvY2FN8jxqAFA0DA02H,John Lennon,1dfeR4HaWDbWqFHLkxsg1d,Queen
164,3D9iV6cYkYJRAPFO6DRKIE,https://api.spotify.com/v1/tracks/3D9iV6cYkYJRAPFO6DRKIE,Jealous Guy - Remastered 2010,spotify:track:3D9iV6cYkYJRAPFO6DRKIE,4x1nvY2FN8jxqAFA0DA02H,John Lennon,1dfeR4HaWDbWqFHLkxsg1d,Queen
165,5y0YreEOnQiKFAnCrcFIXz,https://api.spotify.com/v1/tracks/5y0YreEOnQiKFAnCrcFIXz,(Just Like) Starting Over - Remastered 2010,spotify:track:5y0YreEOnQiKFAnCrcFIXz,4x1nvY2FN8jxqAFA0DA02H,John Lennon,1dfeR4HaWDbWqFHLkxsg1d,Queen
166,0v1Sz1MDcjfEPlZuflLkf1,https://api.spotify.com/v1/tracks/0v1Sz1MDcjfEPlZuflLkf1,Imagine - Ultimate Mix,spotify:track:0v1Sz1MDcjfEPlZuflLkf1,4x1nvY2FN8jxqAFA0DA02H,John Lennon,1dfeR4HaWDbWqFHLkxsg1d,Queen
167,4bN43jYf41eIjJZ3UXQpuA,https://api.spotify.com/v1/tracks/4bN43jYf41eIjJZ3UXQpuA,Hold On - Remastered 2010,spotify:track:4bN43jYf41eIjJZ3UXQpuA,4x1nvY2FN8jxqAFA0DA02H,John Lennon,1dfeR4HaWDbWqFHLkxsg1d,Queen
168,2BkXpZSvPoUDMLI2Xw9kAL,https://api.spotify.com/v1/tracks/2BkXpZSvPoUDMLI2Xw9kAL,Instant Karma! (We All Shine On) - Remastered 2010,spotify:track:2BkXpZSvPoUDMLI2Xw9kAL,4x1nvY2FN8jxqAFA0DA02H,John Lennon,1dfeR4HaWDbWqFHLkxsg1d,Queen
169,1yKQBy7olMIqRpziyAzf8c,https://api.spotify.com/v1/tracks/1yKQBy7olMIqRpziyAzf8c,Working Class Hero - Remastered 2010,spotify:track:1yKQBy7olMIqRpziyAzf8c,4x1nvY2FN8jxqAFA0DA02H,John Lennon,1dfeR4HaWDbWqFHLkxsg1d,Queen
170,1H4idkmruFoJBg1DvUv2tY,https://api.spotify.com/v1/tracks/1H4idkmruFoJBg1DvUv2tY,Band On The Run - Remastered 2010,spotify:track:1H4idkmruFoJBg1DvUv2tY,3sFhA6G1N0gG1pszb6kk1m,Wings,1dfeR4HaWDbWqFHLkxsg1d,Queen
171,0VV8wkOM4w78A2OHZOTzNP,https://api.spotify.com/v1/tracks/0VV8wkOM4w78A2OHZOTzNP,Live And Let Die - 2018 Remaster,spotify:track:0VV8wkOM4w78A2OHZOTzNP,3sFhA6G1N0gG1pszb6kk1m,Wings,1dfeR4HaWDbWqFHLkxsg1d,Queen
172,3uiMBldZ07pW0ySHDX5gzE,https://api.spotify.com/v1/tracks/3uiMBldZ07pW0ySHDX5gzE,Silly Love Songs - Remastered 2014,spotify:track:3uiMBldZ07pW0ySHDX5gzE,3sFhA6G1N0gG1pszb6kk1m,Wings,1dfeR4HaWDbWqFHLkxsg1d,Queen
173,0Oj0TT23GBH2XuHAaSsloH,https://api.spotify.com/v1/tracks/0Oj0TT23GBH2XuHAaSsloH,My Love - 2018 Remaster,spotify:track:0Oj0TT23GBH2XuHAaSsloH,3sFhA6G1N0gG1pszb6kk1m,Wings,1dfeR4HaWDbWqFHLkxsg1d,Queen
174,4D40ZlFAWsvX7lua1Kablh,https://api.spotify.com/v1/tracks/4D40ZlFAWsvX7lua1Kablh,Jet - Remastered 2010,spotify:track:4D40ZlFAWsvX7lua1Kablh,3sFhA6G1N0gG1pszb6kk1m,Wings,1dfeR4HaWDbWqFHLkxsg1d,Queen
175,37RqEET1SYQaAcHDxDQLZY,https://api.spotify.com/v1/tracks/37RqEET1SYQaAcHDxDQLZY,Let 'Em In - Remastered 2014,spotify:track:37RqEET1SYQaAcHDxDQLZY,3sFhA6G1N0gG1pszb6kk1m,Wings,1dfeR4HaWDbWqFHLkxsg1d,Queen
176,0mRQp2HsSqX1MZuMvonAPN,https://api.spotify.com/v1/tracks/0mRQp2HsSqX1MZuMvonAPN,Let Me Roll It - Remastered 2010,spotify:track:0mRQp2HsSqX1MZuMvonAPN,3sFhA6G1N0gG1pszb6kk1m,Wings,1dfeR4HaWDbWqFHLkxsg1d,Queen
177,3NiYvMjp5A3FZmP3dojS8k,https://api.spotify.com/v1/tracks/3NiYvMjp5A3FZmP3dojS8k,Arrow Through Me - Remastered 1993,spotify:track:3NiYvMjp5A3FZmP3dojS8k,3sFhA6G1N0gG1pszb6kk1m,Wings,1dfeR4HaWDbWqFHLkxsg1d,Queen
178,5VErNsWF69eD0HiBt2vWcH,https://api.spotify.com/v1/tracks/5VErNsWF69eD0HiBt2vWcH,Nineteen Hundred And Eighty Five - Remastered 2010,spotify:track:5VErNsWF69eD0HiBt2vWcH,3sFhA6G1N0gG1pszb6kk1m,Wings,1dfeR4HaWDbWqFHLkxsg1d,Queen
179,0wLpW3AwfNicWHef8joJLb,https://api.spotify.com/v1/tracks/0wLpW3AwfNicWHef8joJLb,With A Little Luck - Remastered 1993,spotify:track:0wLpW3AwfNicWHef8joJLb,3sFhA6G1N0gG1pszb6kk1m,Wings,1dfeR4HaWDbWqFHLkxsg1d,Queen
180,0qdQUeKVyevrbKhAo0ibxS,https://api.spotify.com/v1/tracks/0qdQUeKVyevrbKhAo0ibxS,My Sweet Lord - Remastered 2014,spotify:track:0qdQUeKVyevrbKhAo0ibxS,7FIoB5PHdrMZVC3q2HE5MS,George Harrison,1dfeR4HaWDbWqFHLkxsg1d,Queen
181,3OeUlriM0EZHdWleJtjoVr,https://api.spotify.com/v1/tracks/3OeUlriM0EZHdWleJtjoVr,Got My Mind Set On You - Remastered 2004,spotify:track:3OeUlriM0EZHdWleJtjoVr,7FIoB5PHdrMZVC3q2HE5MS,George Harrison,1dfeR4HaWDbWqFHLkxsg1d,Queen
182,76TpWFiK5YCgw1hy26DWZp,https://api.spotify.com/v1/tracks/76TpWFiK5YCgw1hy26DWZp,What Is Life - Remastered 2014,spotify:track:76TpWFiK5YCgw1hy26DWZp,7FIoB5PHdrMZVC3q2HE5MS,George Harrison,1dfeR4HaWDbWqFHLkxsg1d,Queen
183,7ykaUgkdQWJLsMuOymTV2A,https://api.spotify.com/v1/tracks/7ykaUgkdQWJLsMuOymTV2A,If Not For You - Remastered 2014,spotify:track:7ykaUgkdQWJLsMuOymTV2A,7FIoB5PHdrMZVC3q2HE5MS,George Harrison,1dfeR4HaWDbWqFHLkxsg1d,Queen
184,4XMRt4xFqLzGs4wDKkSSeu,https://api.spotify.com/v1/tracks/4XMRt4xFqLzGs4wDKkSSeu,Give Me Love (Give Me Peace On Earth),spotify:track:4XMRt4xFqLzGs4wDKkSSeu,7FIoB5PHdrMZVC3q2HE5MS,George Harrison,1dfeR4HaWDbWqFHLkxsg1d,Queen
185,6QLFNz62dpOgQTloWuUbNh,https://api.spotify.com/v1/tracks/6QLFNz62dpOgQTloWuUbNh,All Things Must Pass - Remastered 2014,spotify:track:6QLFNz62dpOgQTloWuUbNh,7FIoB5PHdrMZVC3q2HE5MS,George Harrison,1dfeR4HaWDbWqFHLkxsg1d,Queen
186,0wZuvGn7nZbKoyKOlwZQMF,https://api.spotify.com/v1/tracks/0wZuvGn7nZbKoyKOlwZQMF,I'd Have You Anytime - Remastered 2014,spotify:track:0wZuvGn7nZbKoyKOlwZQMF,7FIoB5PHdrMZVC3q2HE5MS,George Harrison,1dfeR4HaWDbWqFHLkxsg1d,Queen
187,0SESMeut7QCvKdJLB6pHLM,https://api.spotify.com/v1/tracks/0SESMeut7QCvKdJLB6pHLM,My Sweet Lord - 2020 Mix,spotify:track:0SESMeut7QCvKdJLB6pHLM,7FIoB5PHdrMZVC3q2HE5MS,George Harrison,1dfeR4HaWDbWqFHLkxsg1d,Queen
188,3DwKoC1oDOOPBdulE4aMsY,https://api.spotify.com/v1/tracks/3DwKoC1oDOOPBdulE4aMsY,"While My Guitar Gently Weeps - Live From Madison Square Garden, New York, U.S.A, 1971 / 2009 Mix",spotify:track:3DwKoC1oDOOPBdulE4aMsY,7FIoB5PHdrMZVC3q2HE5MS,George Harrison,1dfeR4HaWDbWqFHLkxsg1d,Queen
189,6miUySWi347iIJyz7ETo6m,https://api.spotify.com/v1/tracks/6miUySWi347iIJyz7ETo6m,Got My Mind Set On You - Extended Version,spotify:track:6miUySWi347iIJyz7ETo6m,7FIoB5PHdrMZVC3q2HE5MS,George Harrison,1dfeR4HaWDbWqFHLkxsg1d,Queen
190,0LoQuiekvzqx7n8flgEKzF,https://api.spotify.com/v1/tracks/0LoQuiekvzqx7n8flgEKzF,Get It On,spotify:track:0LoQuiekvzqx7n8flgEKzF,3dBVyJ7JuOMt4GE9607Qin,T. Rex,1dfeR4HaWDbWqFHLkxsg1d,Queen
191,5gOnivVq0hLxPvIPC00ZhF,https://api.spotify.com/v1/tracks/5gOnivVq0hLxPvIPC00ZhF,Cosmic Dancer,spotify:track:5gOnivVq0hLxPvIPC00ZhF,3dBVyJ7JuOMt4GE9607Qin,T. Rex,1dfeR4HaWDbWqFHLkxsg1d,Queen
192,4R5qHNB2gdxBM2LDNaJZeO,https://api.spotify.com/v1/tracks/4R5qHNB2gdxBM2LDNaJZeO,Hot Love - A Side,spotify:track:4R5qHNB2gdxBM2LDNaJZeO,3dBVyJ7JuOMt4GE9607Qin,T. Rex,1dfeR4HaWDbWqFHLkxsg1d,Queen
193,1y5LL9dpLXbCXNKKqw5wCJ,https://api.spotify.com/v1/tracks/1y5LL9dpLXbCXNKKqw5wCJ,20th Century Boy - Remaster,spotify:track:1y5LL9dpLXbCXNKKqw5wCJ,3dBVyJ7JuOMt4GE9607Qin,T. Rex,1dfeR4HaWDbWqFHLkxsg1d,Queen
194,7as3y0Z9c0LH4sZDhFw9uU,https://api.spotify.com/v1/tracks/7as3y0Z9c0LH4sZDhFw9uU,Children of the Revolution - Remaster,spotify:track:7as3y0Z9c0LH4sZDhFw9uU,3dBVyJ7JuOMt4GE9607Qin,T. Rex,1dfeR4HaWDbWqFHLkxsg1d,Queen
195,2yCXjCr32mfkJ4JPxQ35dz,https://api.spotify.com/v1/tracks/2yCXjCr32mfkJ4JPxQ35dz,I Love To Boogie,spotify:track:2yCXjCr32mfkJ4JPxQ35dz,3dBVyJ7JuOMt4GE9607Qin,T. Rex,1dfeR4HaWDbWqFHLkxsg1d,Queen
196,0tK1Ya57nOsgD0nGndjpdI,https://api.spotify.com/v1/tracks/0tK1Ya57nOsgD0nGndjpdI,Bang A Gong (Get It On) (Electric Version),spotify:track:0tK1Ya57nOsgD0nGndjpdI,3dBVyJ7JuOMt4GE9607Qin,T. Rex,1dfeR4HaWDbWqFHLkxsg1d,Queen
197,5BUVbe6Zt1jVgKFKMdp0p0,https://api.spotify.com/v1/tracks/5BUVbe6Zt1jVgKFKMdp0p0,Jeepster,spotify:track:5BUVbe6Zt1jVgKFKMdp0p0,3dBVyJ7JuOMt4GE9607Qin,T. Rex,1dfeR4HaWDbWqFHLkxsg1d,Queen
198,4FHGKscCEnhBSyszmL32L0,https://api.spotify.com/v1/tracks/4FHGKscCEnhBSyszmL32L0,Mambo Sun,spotify:track:4FHGKscCEnhBSyszmL32L0,3dBVyJ7JuOMt4GE9607Qin,T. Rex,1dfeR4HaWDbWqFHLkxsg1d,Queen
199,5KGZcnxuhwvfHyd6pcY2wd,https://api.spotify.com/v1/tracks/5KGZcnxuhwvfHyd6pcY2wd,Ride A White Swan,spotify:track:5KGZcnxuhwvfHyd6pcY2wd,3dBVyJ7JuOMt4GE9607Qin,T. Rex,1dfeR4HaWDbWqFHLkxsg1d,Queen
